{"stats":{"minecraft:used":{"minecraft:chest":1,"minecraft:iron_sword":23,"earthmobsmod:fancy_egg":1,"minecraft:cooked_salmon":1,"born_in_chaos_v1:fried_maggot":1,"luminousworld:savannah_ground":3,"minecraft:cooked_chicken":8,"minecraft:rotten_flesh":2,"minecraft:torch":19,"born_in_chaos_v1:corpse_maggot":3,"minecraft:stone_brick_slab":1,"minecraft:mangrove_stairs":1,"minecraft:lantern":1,"minecraft:birch_trapdoor":2,"luminousworld:savannah_soil":16,"minecraft:furnace":2,"tombstone:gift":4,"minecraft:egg":2,"minecraft:acacia_planks":1,"minecraft:pumpkin":3,"minecraft:diorite":1,"minecraft:stone_pickaxe":102,"minecraft:mangrove_planks":3,"minecraft:oak_planks":12,"minecraft:wooden_pickaxe":11,"minecraft:crafting_table":4,"luminousworld:creepberries":1,"earthmobsmod:duck_egg":1,"minecraft:iron_pickaxe":1,"minecraft:stone_axe":143,"minecraft:cobblestone":39,"born_in_chaos_v1:rotten_fish":1,"minecraft:andesite":3},"minecraft:custom":{"minecraft:mob_kills":39,"minecraft:interact_with_crafting_table":8,"minecraft:leave_game":2,"minecraft:time_since_death":11581,"minecraft:climb_one_cm":9424,"minecraft:sprint_one_cm":157991,"minecraft:walk_one_cm":178963,"minecraft:drop":13,"minecraft:play_time":79987,"minecraft:deaths":6,"minecraft:sneak_time":12749,"minecraft:walk_under_water_one_cm":7947,"minecraft:jump":1376,"minecraft:walk_on_water_one_cm":21104,"minecraft:total_world_time":79987,"minecraft:interact_with_furnace":44,"minecraft:sleep_in_bed":1,"minecraft:time_since_rest":10279,"minecraft:damage_taken":2237,"tombstone:sneak_grave":1,"minecraft:damage_dealt":4965,"minecraft:swim_one_cm":16755,"minecraft:fly_one_cm":247813,"minecraft:open_chest":14,"minecraft:crouch_one_cm":41599,"tombstone:undead_killed":7,"minecraft:fall_one_cm":32535,"minecraft:horse_one_cm":3187},"minecraft:picked_up":{"iceandfire:dragon_skull_lightning":1,"luminousworld:groundpebbles_1":1,"minecraft:crafting_table":3,"minecraft:chicken":10,"earthmobsmod:fancy_egg":1,"minecraft:wither_rose":1,"minecraft:stripped_mangrove_log":1,"minecraft:iron_shovel":2,"minecraft:gold_nugget":1,"earthmobsmod:duck_egg":1,"minecraft:beef":19,"minecraft:player_head":7,"minecraft:iron_pickaxe":1,"minecraft:chest":1,"minecraft:egg":2,"minecraft:furnace":3,"minecraft:stick":3,"minecraft:raw_iron":4,"minecraft:stripped_mangrove_wood":1,"minecraft:copper_ingot":1,"minecraft:birch_trapdoor":2,"minecraft:acacia_log":5,"luminousworld:savannah_soil":21,"tombstone:grave_dust":1,"minecraft:diorite":1,"minecraft:rotten_flesh":5,"minecraft:mangrove_stairs":1,"minecraft:arrow":2,"minecraft:bone_block":16,"minecraft:cobblestone":49,"born_in_chaos_v1:corpse_maggot":4,"luminousworld:savannah_ground":3,"minecraft:feather":11,"minecraft:salmon":1,"minecraft:andesite":3,"luminousworld:ishstone":10,"minecraft:leather":7,"minecraft:oak_log":10,"iceandfire:ectoplasm":1,"minecraft:dirt":2,"minecraft:lantern":1,"minecraft:bone":4,"minecraft:wheat_seeds":4,"earthmobsmod:fancy_feather":4,"minecraft:cooked_chicken":1,"minecraft:iron_sword":1,"minecraft:book":60,"minecraft:pumpkin":5,"luminousworld:creepberries":2,"minecraft:stone_brick_slab":1,"luminousworld:sunset_petunias":1,"minecraft:dark_prismarine":3,"minecraft:stone_axe":1,"born_in_chaos_v1:rotten_fish":1,"luminousworld:bao_bob_log":2,"minecraft:coal":20},"minecraft:mined":{"minecraft:dark_prismarine":4,"minecraft:stripped_mangrove_log":1,"minecraft:acacia_log":6,"minecraft:grass_block":2,"luminousworld:savanna_grass_2":1,"luminousworld:sunset_petunias":1,"minecraft:furnace":3,"minecraft:iron_ore":7,"minecraft:fire":3,"minecraft:andesite":3,"minecraft:pumpkin":5,"minecraft:bookshelf":11,"minecraft:vine":1,"minecraft:lantern":1,"placeablesmod:cooked_chicken_block":1,"minecraft:stone":37,"minecraft:stripped_mangrove_wood":1,"minecraft:bone_block":16,"minecraft:player_head":6,"luminousworld:creepbush":2,"luminousworld:savannah_soil":23,"minecraft:mangrove_stairs":1,"minecraft:crafting_table":3,"luminousworld:savannah_grass_1":4,"minecraft:chest":1,"minecraft:tall_grass":5,"minecraft:cobblestone":7,"minecraft:oak_planks":1,"minecraft:diorite":1,"supplementaries:urn":1,"minecraft:birch_trapdoor":2,"luminousworld:bao_bob_log":1,"minecraft:wither_rose":1,"minecraft:grass":7,"minecraft:oak_log":10,"minecraft:coal_ore":22,"luminousworld:ishstone":10,"luminousworld:grassvariant_3":1,"luminousworld:savannah_grass_4":3,"luminousworld:elephant_grass":2,"minecraft:oak_leaves":2,"minecraft:fern":1,"luminousworld:savannah_ground":3},"minecraft:dropped":{"minecraft:cobblestone":1,"minecraft:wither_rose":1,"minecraft:gold_nugget":1,"minecraft:iron_shovel":2,"minecraft:stone_axe":1,"minecraft:player_head":1,"luminousworld:bao_bob_log":1,"alexsmobs:animal_dictionary":1,"luminousworld:savannah_soil":3,"minecraft:filled_map":1},"minecraft:killed_by":{"minecraft:player":1,"born_in_chaos_v1:corpse_fly":1,"undead_revamp2:therod":2,"minecraft:skeleton":1,"iceandfire:ghost":1},"minecraft:broken":{"minecraft:stone_axe":1},"minecraft:killed":{"earthmobsmod:duck":6,"undead_revamp2:thehunter":1,"minecraft:spider":1,"enemyexpansion:direwolf":1,"minecraft:skeleton":1,"alexsmobs:leafcutter_ant":3,"minecraft:chicken":1,"earthmobsmod:fancy_chicken":3,"undead_revamp2:therod":1,"born_in_chaos_v1:corpse_fish":1,"minecraft:salmon":1,"undead_revamp2:the_moonflower":1,"earthmobsmod:cream_cow":8,"iceandfire:ghost":3,"alexsmobs:terrapin":1,"born_in_chaos_v1:corpse_fly":5},"minecraft:crafted":{"minecraft:oak_planks":40,"minecraft:cooked_chicken":9,"minecraft:bone_meal":3,"born_in_chaos_v1:fried_maggot":1,"minecraft:stone_pickaxe":1,"minecraft:cooked_beef":16,"minecraft:crafting_table":2,"minecraft:wooden_pickaxe":1,"minecraft:cooked_salmon":1,"minecraft:mangrove_planks":8,"minecraft:stone_axe":2,"minecraft:air":0,"minecraft:stick":20,"minecraft:acacia_planks":20,"minecraft:torch":20,"luminousworld:baobab_plank":4}},"DataVersion":3465}