{"stats":{"minecraft:used":{"minecraft:oak_fence":1,"minecraft:armor_stand":1,"minecraft:chest":1,"minecraft:shield":2,"minecraft:iron_sword":60,"earthmobsmod:fancy_egg":1,"minecraft:cooked_salmon":1,"born_in_chaos_v1:fried_maggot":1,"luminousworld:savannah_ground":3,"minecraft:cooked_chicken":8,"minecraft:rotten_flesh":2,"minecraft:iron_chestplate":1,"minecraft:torch":36,"born_in_chaos_v1:corpse_maggot":3,"minecraft:stone_brick_slab":1,"minecraft:mangrove_stairs":1,"minecraft:lantern":1,"minecraft:iron_helmet":1,"minecraft:iron_boots":1,"minecraft:birch_trapdoor":2,"minecraft:bow":2,"minecraft:hay_block":4,"luminousworld:savannah_soil":16,"minecraft:furnace":4,"tombstone:gift":6,"minecraft:egg":2,"minecraft:cooked_beef":9,"minecraft:acacia_planks":1,"minecraft:pumpkin":3,"minecraft:iron_leggings":1,"minecraft:wheat_seeds":19,"minecraft:diorite":1,"minecraft:stone_pickaxe":102,"minecraft:mangrove_planks":3,"minecraft:oak_planks":12,"minecraft:wooden_pickaxe":11,"minecraft:crafting_table":6,"minecraft:black_bed":2,"luminousworld:creepberries":1,"earthmobsmod:duck_egg":1,"minecraft:bread":1,"minecraft:iron_pickaxe":41,"minecraft:stone_axe":153,"ecologics:coconut_slice":3,"minecraft:cobblestone":45,"born_in_chaos_v1:rotten_fish":1,"minecraft:andesite":3},"minecraft:custom":{"minecraft:interact_with_smithing_table":2,"minecraft:mob_kills":52,"minecraft:interact_with_crafting_table":9,"minecraft:open_barrel":7,"minecraft:leave_game":2,"minecraft:time_since_death":13782,"minecraft:climb_one_cm":11055,"minecraft:sprint_one_cm":291413,"minecraft:walk_one_cm":293272,"minecraft:damage_blocked_by_shield":60,"minecraft:drop":23,"minecraft:talked_to_villager":2,"minecraft:target_hit":1,"minecraft:play_time":115987,"minecraft:deaths":8,"minecraft:sneak_time":14767,"minecraft:walk_under_water_one_cm":12517,"minecraft:jump":2215,"minecraft:walk_on_water_one_cm":27782,"minecraft:total_world_time":115987,"minecraft:interact_with_furnace":47,"tombstone:raider_killed":2,"minecraft:interact_with_loom":1,"minecraft:sleep_in_bed":3,"minecraft:time_since_rest":13428,"minecraft:damage_taken":3664,"tombstone:sneak_grave":1,"minecraft:damage_dealt":6292,"minecraft:swim_one_cm":34312,"minecraft:fly_one_cm":424718,"minecraft:open_chest":23,"minecraft:crouch_one_cm":46677,"tombstone:undead_killed":8,"minecraft:fall_one_cm":51218,"minecraft:horse_one_cm":3187},"minecraft:picked_up":{"iceandfire:dragon_skull_lightning":1,"minecraft:charcoal":2,"luminousworld:groundpebbles_1":1,"minecraft:crafting_table":4,"minecraft:wheat":19,"minecraft:chicken":10,"minecraft:flower_pot":1,"ecologics:seashell":1,"earthmobsmod:fancy_egg":1,"minecraft:wither_rose":1,"minecraft:shield":1,"minecraft:stripped_mangrove_log":1,"minecraft:iron_leggings":1,"minecraft:armor_stand":1,"minecraft:iron_shovel":2,"minecraft:gold_nugget":5,"earthmobsmod:duck_egg":1,"minecraft:beef":19,"minecraft:player_head":7,"minecraft:iron_pickaxe":1,"minecraft:chest":1,"minecraft:iron_boots":5,"ecologics:crab_claw":1,"minecraft:egg":2,"minecraft:furnace":4,"minecraft:stick":3,"minecraft:raw_iron":50,"minecraft:stripped_mangrove_wood":1,"ecologics:coconut_slice":6,"minecraft:copper_ingot":1,"minecraft:birch_trapdoor":2,"minecraft:oak_fence":1,"minecraft:torch":3,"minecraft:acacia_log":5,"minecraft:porkchop":2,"luminousworld:savannah_soil":21,"tombstone:grave_dust":1,"minecraft:diorite":1,"minecraft:rotten_flesh":6,"minecraft:mangrove_stairs":1,"minecraft:arrow":2,"minecraft:hay_block":4,"ecologics:coconut_log":1,"supplementaries:ash":1,"minecraft:bone_block":16,"minecraft:cobblestone":57,"born_in_chaos_v1:corpse_maggot":4,"luminousworld:savannah_ground":3,"minecraft:feather":11,"minecraft:cooked_beef":4,"minecraft:glow_ink_sac":1,"minecraft:salmon":3,"minecraft:andesite":3,"luminousworld:ishstone":10,"minecraft:black_bed":2,"minecraft:leather":7,"minecraft:oak_log":10,"iceandfire:ectoplasm":1,"minecraft:dirt":2,"minecraft:lantern":1,"minecraft:bone":4,"minecraft:bow":1,"minecraft:wheat_seeds":65,"earthmobsmod:fancy_feather":4,"minecraft:cooked_chicken":1,"minecraft:bamboo":1,"minecraft:iron_sword":1,"minecraft:book":60,"minecraft:pumpkin":5,"luminousworld:creepberries":2,"minecraft:stone_brick_slab":1,"luminousworld:sunset_petunias":1,"minecraft:barrel":5,"minecraft:mossy_cobblestone":1,"minecraft:dark_prismarine":3,"minecraft:stone_axe":1,"minecraft:iron_helmet":3,"minecraft:bread":1,"born_in_chaos_v1:rotten_fish":1,"luminousworld:bao_bob_log":2,"minecraft:coal":40},"minecraft:mined":{"minecraft:dark_prismarine":4,"minecraft:mossy_cobblestone":3,"minecraft:stripped_mangrove_log":1,"placeablesmod:cooked_beef_block":1,"minecraft:acacia_log":6,"minecraft:grass_block":2,"ecologics:coconut_log":1,"minecraft:potted_bamboo":1,"luminousworld:savanna_grass_2":1,"minecraft:hay_block":5,"minecraft:tall_seagrass":1,"luminousworld:sunset_petunias":1,"minecraft:furnace":4,"minecraft:iron_ore":29,"minecraft:barrel":5,"minecraft:fire":3,"minecraft:andesite":3,"minecraft:pumpkin":5,"iceandfire:gold_pile":1,"minecraft:bookshelf":11,"minecraft:vine":1,"minecraft:lantern":1,"placeablesmod:cooked_chicken_block":1,"minecraft:stone":45,"minecraft:stripped_mangrove_wood":1,"minecraft:bone_block":16,"minecraft:player_head":6,"luminousworld:creepbush":2,"luminousworld:savannah_soil":23,"minecraft:mangrove_stairs":1,"minecraft:oak_fence":1,"minecraft:crafting_table":4,"minecraft:torch":3,"luminousworld:savannah_grass_1":4,"minecraft:chest":1,"minecraft:campfire":1,"minecraft:tall_grass":5,"minecraft:cobblestone":7,"minecraft:oak_planks":1,"minecraft:diorite":1,"supplementaries:urn":1,"ecologics:seashell":1,"minecraft:wheat":19,"minecraft:birch_trapdoor":2,"minecraft:white_carpet":1,"luminousworld:bao_bob_log":1,"minecraft:black_bed":1,"minecraft:wither_rose":1,"minecraft:grass":8,"minecraft:oak_log":10,"minecraft:coal_ore":23,"luminousworld:ishstone":10,"luminousworld:grassvariant_3":1,"luminousworld:savannah_grass_4":3,"luminousworld:elephant_grass":2,"minecraft:oak_leaves":2,"minecraft:fern":1,"luminousworld:savannah_ground":3},"minecraft:dropped":{"minecraft:cooked_beef":3,"minecraft:cobblestone":2,"minecraft:wither_rose":1,"minecraft:gold_nugget":1,"minecraft:chainmail_leggings":1,"minecraft:iron_shovel":2,"minecraft:string":9,"minecraft:stone_axe":1,"minecraft:player_head":1,"luminousworld:bao_bob_log":1,"alexsmobs:animal_dictionary":1,"minecraft:iron_boots":2,"luminousworld:savannah_soil":3,"minecraft:filled_map":1,"minecraft:shield":1,"ecologics:seashell":1},"minecraft:killed_by":{"minecraft:player":1,"born_in_chaos_v1:corpse_fly":1,"undead_revamp2:thehorrors":1,"undead_revamp2:therod":2,"minecraft:skeleton":1,"alexsmobs:gorilla":1,"iceandfire:ghost":1},"minecraft:broken":{"minecraft:stone_axe":1},"minecraft:killed":{"earthmobsmod:duck":6,"undead_revamp2:thehunter":1,"minecraft:spider":1,"undead_revamp2:thesmoker":1,"alexsmobs:seagull":1,"enemyexpansion:direwolf":1,"minecraft:skeleton":1,"alexsmobs:leafcutter_ant":3,"minecraft:chicken":1,"earthmobsmod:teacup_pig":2,"earthmobsmod:fancy_chicken":3,"ecologics:coconut_crab":1,"undead_revamp2:therod":1,"born_in_chaos_v1:corpse_fish":1,"minecraft:salmon":5,"undead_revamp2:the_moonflower":1,"earthmobsmod:cream_cow":8,"minecraft:pillager":2,"iceandfire:ghost":3,"alexsmobs:terrapin":1,"born_in_chaos_v1:corpse_fly":5,"minecraft:glow_squid":1},"minecraft:crafted":{"minecraft:oak_planks":40,"minecraft:cooked_chicken":9,"minecraft:bone_meal":3,"born_in_chaos_v1:fried_maggot":1,"minecraft:stone_pickaxe":1,"minecraft:cooked_beef":16,"minecraft:crafting_table":2,"minecraft:wooden_pickaxe":1,"minecraft:cooked_salmon":1,"minecraft:mangrove_planks":8,"minecraft:stone_axe":2,"minecraft:bread":22,"minecraft:air":0,"minecraft:stick":32,"minecraft:acacia_planks":20,"minecraft:torch":84,"luminousworld:baobab_plank":4}},"DataVersion":3465}