{"stats":{"minecraft:used":{"minecraft:stone_sword":104,"minecraft:player_head":5,"luminousworld:savannah_ground":1,"minecraft:cooked_chicken":3,"minecraft:torch":4,"luminousworld:savannah_soil":3,"minecraft:furnace":3,"tombstone:gift":3,"minecraft:cooked_beef":8,"minecraft:stone_pickaxe":50,"minecraft:wooden_pickaxe":26,"minecraft:white_wool":1,"minecraft:crafting_table":2,"quark:acacia_chest":1,"minecraft:white_bed":1,"minecraft:black_bed":1,"luminousworld:creepberries":2,"tombstone:bag_of_seeds":1,"minecraft:stone_axe":68,"minecraft:cobblestone":16,"minecraft:cooked_porkchop":1,"minecraft:porkchop":1,"alexsmobs:animal_dictionary":2},"minecraft:killed":{"naturalist:zebra":1,"undead_revamp2:thehunter":1,"minecraft:spider":2,"luminousworld:sunken_skeleton":2,"minecraft:skeleton":1,"alexsmobs:leafcutter_ant":2,"minecraft:chicken":4,"luminousworld:savannah_zombie":2,"minecraft:pig":1,"earthmobsmod:cream_cow":4,"born_in_chaos_v1:decrepit_skeleton":1,"minecraft:sheep":4,"luminousworld:savannah_skeleton":4,"iceandfire:ghost":1,"enemyexpansion:vampire":1,"alexsmobs:terrapin":1,"born_in_chaos_v1:corpse_fly":1},"minecraft:mined":{"minecraft:dark_prismarine":3,"iceandfire:silver_ore":6,"alexsmobs:leafcutter_anthill":1,"minecraft:acacia_log":15,"minecraft:jungle_log":1,"luminousworld:savanna_grass_2":3,"minecraft:furnace":2,"minecraft:bookshelf":9,"minecraft:iron_bars":2,"minecraft:stone":40,"luminousworld:creepbush":2,"luminousworld:savannah_soil":3,"minecraft:acacia_leaves":1,"minecraft:stone_brick_slab":2,"minecraft:torch":1,"luminousworld:savannah_grass_1":1,"minecraft:tall_grass":6,"minecraft:cobblestone":1,"minecraft:sugar_cane":2,"minecraft:skeleton_skull":1,"minecraft:black_bed":1,"minecraft:wither_rose":1,"minecraft:grass":9,"minecraft:coal_ore":9,"minecraft:cobweb":23,"luminousworld:savannah_grass_4":2,"minecraft:redstone_lamp":2,"luminousworld:savannah_ground":1},"minecraft:killed_by":{"undead_revamp2:theswarmer":1,"enemyexpansion:huntsman":1,"undead_revamp2:thehunter":1,"iceandfire:ghost":2,"luminousworld:savannah_skeleton":1},"minecraft:broken":{"aether:golden_gloves":1},"minecraft:picked_up":{"minecraft:chicken":4,"minecraft:redstone_lamp":1,"minecraft:wither_rose":2,"minecraft:string":23,"minecraft:iron_shovel":2,"minecraft:gold_nugget":1,"minecraft:beef":6,"minecraft:player_head":1,"minecraft:light_gray_wool":1,"minecraft:sugar_cane":12,"minecraft:egg":2,"minecraft:furnace":2,"minecraft:raw_iron":3,"minecraft:stick":1,"iceandfire:dragonbone":1,"minecraft:torch":1,"minecraft:acacia_log":15,"luminousworld:savannah_soil":8,"minecraft:porkchop":2,"tombstone:grave_dust":1,"minecraft:arrow":2,"minecraft:rotten_flesh":6,"supplementaries:ash":1,"minecraft:mutton":8,"minecraft:iron_bars":2,"minecraft:skeleton_skull":1,"minecraft:white_wool":1,"minecraft:cobblestone":39,"luminousworld:savannah_ground":1,"minecraft:feather":4,"minecraft:jungle_log":1,"minecraft:black_bed":1,"minecraft:leather":5,"minecraft:filled_map":1,"minecraft:gunpowder":2,"tombstone:gift":1,"minecraft:bone":5,"minecraft:acacia_planks":10,"minecraft:bow":1,"minecraft:wheat_seeds":3,"tombstone:bag_of_seeds":1,"minecraft:oak_planks":1,"minecraft:book":27,"luminousworld:creepberries":2,"minecraft:stone_brick_slab":1,"minecraft:dark_prismarine":1,"minecraft:oak_sapling":2,"minecraft:black_wool":1,"minecraft:coal":11,"iceandfire:raw_silver":6},"minecraft:dropped":{"minecraft:wheat_seeds":3,"minecraft:feather":4,"minecraft:cobblestone":4,"minecraft:book":27,"iceandfire:ectoplasm":1,"minecraft:copper_ingot":1,"minecraft:stick":5,"minecraft:gold_nugget":1,"minecraft:iron_shovel":1,"minecraft:white_wool":1,"minecraft:stone_brick_slab":1,"iceandfire:dragonbone":1,"minecraft:sugar_cane":6,"minecraft:player_head":1,"minecraft:rotten_flesh":4,"minecraft:light_gray_wool":1,"minecraft:skeleton_skull":1,"minecraft:jungle_log":1,"minecraft:iron_bars":2,"minecraft:egg":2,"minecraft:black_wool":1},"minecraft:custom":{"minecraft:mob_kills":33,"minecraft:interact_with_crafting_table":8,"minecraft:leave_game":4,"minecraft:time_since_death":2167,"minecraft:climb_one_cm":10208,"minecraft:sprint_one_cm":152021,"minecraft:walk_one_cm":176633,"minecraft:drop":29,"minecraft:play_noteblock":1,"minecraft:play_time":72450,"minecraft:deaths":6,"minecraft:sneak_time":1647,"minecraft:walk_under_water_one_cm":19134,"minecraft:jump":862,"minecraft:walk_on_water_one_cm":11740,"minecraft:total_world_time":72450,"minecraft:interact_with_furnace":37,"minecraft:tune_noteblock":11,"minecraft:sleep_in_bed":1,"minecraft:time_since_rest":678,"minecraft:damage_taken":2904,"minecraft:trigger_trapped_chest":4,"minecraft:damage_dealt":5864,"minecraft:swim_one_cm":30533,"minecraft:fly_one_cm":159217,"minecraft:player_kills":1,"minecraft:open_chest":17,"minecraft:crouch_one_cm":5277,"tombstone:undead_killed":11,"minecraft:fall_one_cm":20967,"minecraft:horse_one_cm":564},"minecraft:crafted":{"minecraft:cooked_chicken":5,"minecraft:furnace":1,"aether:golden_gloves":1,"minecraft:cooked_mutton":5,"quark:acacia_chest":1,"minecraft:stone_pickaxe":1,"minecraft:cooked_beef":9,"minecraft:cooked_porkchop":1,"minecraft:crafting_table":2,"minecraft:wooden_pickaxe":1,"minecraft:stone_axe":1,"minecraft:air":0,"iceandfire:bestiary":1,"minecraft:white_wool":4,"minecraft:charcoal":2,"minecraft:stick":12,"minecraft:stone_sword":1,"minecraft:white_bed":1,"minecraft:acacia_planks":56,"minecraft:torch":4,"tombstone:bone_needle":1}},"DataVersion":3465}