{"stats":{"minecraft:used":{"minecraft:shield":24,"minecraft:iron_sword":162,"minecraft:player_head":5,"luminousworld:savannah_ground":1,"minecraft:stone_bricks":7,"supplementaries:bomb_blue":1,"minecraft:bow":39,"minecraft:furnace":8,"minecraft:stone_pickaxe":98,"minecraft:wooden_pickaxe":26,"minecraft:white_wool":1,"iceandfire:podium_spruce":1,"minecraft:crossbow":1,"minecraft:black_bed":1,"luminousworld:creepberries":3,"minecraft:bread":21,"minecraft:andesite":1,"minecraft:oak_fence":2,"minecraft:stone_sword":104,"minecraft:armor_stand":4,"minecraft:cooked_chicken":5,"minecraft:torch":15,"minecraft:golden_carrot":2,"luminousworld:savannah_soil":3,"tombstone:gift":3,"minecraft:cooked_beef":10,"minecraft:acacia_planks":44,"minecraft:wheat_seeds":89,"minecraft:cooked_mutton":4,"minecraft:water_bucket":6,"minecraft:crafting_table":3,"quark:acacia_chest":1,"minecraft:white_bed":5,"tombstone:bag_of_seeds":1,"minecraft:apple":5,"minecraft:iron_pickaxe":329,"minecraft:stone_axe":111,"furnitura:oak_table":1,"minecraft:cobblestone":187,"minecraft:cooked_porkchop":1,"minecraft:porkchop":1,"minecraft:bucket":7,"minecraft:pumpkin_pie":2,"quark:oak_chest":2,"alexsmobs:animal_dictionary":2},"minecraft:custom":{"minecraft:interact_with_crafting_table":28,"minecraft:open_barrel":11,"minecraft:leave_game":8,"minecraft:time_since_death":15950,"minecraft:sprint_one_cm":576932,"minecraft:damage_blocked_by_shield":1545,"minecraft:drop":87,"minecraft:play_noteblock":1,"minecraft:talked_to_villager":5,"minecraft:play_time":210787,"minecraft:deaths":21,"minecraft:jump":2761,"minecraft:walk_on_water_one_cm":23871,"minecraft:interact_with_furnace":75,"minecraft:traded_with_villager":4,"minecraft:sleep_in_bed":9,"minecraft:damage_dealt":11463,"minecraft:player_kills":1,"minecraft:crouch_one_cm":12601,"tombstone:undead_killed":18,"minecraft:horse_one_cm":564,"minecraft:mob_kills":48,"minecraft:damage_dealt_resisted":192,"minecraft:climb_one_cm":25114,"minecraft:walk_one_cm":621641,"minecraft:target_hit":2,"minecraft:sneak_time":3902,"minecraft:walk_under_water_one_cm":44847,"minecraft:total_world_time":210787,"tombstone:raider_killed":1,"minecraft:tune_noteblock":11,"minecraft:time_since_rest":5147,"minecraft:damage_taken":8969,"minecraft:trigger_trapped_chest":4,"minecraft:swim_one_cm":109400,"minecraft:fly_one_cm":578430,"minecraft:open_chest":58,"minecraft:fall_one_cm":70425},"minecraft:picked_up":{"minecraft:iron_chestplate":3,"minecraft:wheat":95,"minecraft:oak_stairs":4,"minecraft:wither_rose":2,"minecraft:stone_brick_stairs":6,"born_in_chaos_v1:black_argillite":6,"mutantmonsters:mutant_skeleton_skull":1,"minecraft:raw_copper":3,"minecraft:string":54,"minecraft:iron_leggings":2,"minecraft:armor_stand":4,"minecraft:oak_sign":2,"minecraft:diamond_leggings":1,"minecraft:gold_nugget":1,"minecraft:iron_pickaxe":1,"minecraft:coal_block":6,"ecologics:crab_claw":1,"minecraft:furnace":3,"minecraft:iron_boots":1,"minecraft:stick":2,"minecraft:oak_fence":15,"minecraft:torch":5,"minecraft:acacia_log":15,"luminousworld:savannah_soil":8,"minecraft:porkchop":6,"tombstone:grave_dust":1,"mutantmonsters:mutant_skeleton_pelvis":1,"minecraft:brown_carpet":4,"minecraft:rotten_flesh":20,"ecologics:coconut_log":3,"supplementaries:ash":2,"mutantmonsters:mutant_skeleton_shoulder_pad":1,"minecraft:iron_bars":2,"minecraft:cobblestone":382,"luminousworld:savannah_ground":1,"minecraft:feather":5,"minecraft:cooked_beef":7,"minecraft:jungle_log":1,"minecraft:water_bucket":1,"minecraft:andesite":1,"minecraft:black_bed":2,"minecraft:lapis_lazuli":30,"minecraft:dirt":1,"minecraft:bone":7,"minecraft:acacia_planks":11,"minecraft:bow":2,"minecraft:wheat_seeds":264,"luminousworld:elephant_grass":1,"minecraft:oak_planks":2,"luminousworld:creepberries":9,"iceandfire:podium_spruce":1,"minecraft:oak_pressure_plate":1,"minecraft:acacia_stairs":1,"minecraft:dark_prismarine":1,"minecraft:crossbow":1,"minecraft:granite":2,"minecraft:spruce_button":2,"minecraft:emerald":1,"minecraft:bread":6,"minecraft:oak_sapling":2,"minecraft:oak_leaves":2,"iceandfire:raw_silver":6,"luminousworld:groundpebbles_1":1,"minecraft:crafting_table":5,"minecraft:chicken":4,"iceandfire:witherbone":1,"minecraft:clay_ball":4,"minecraft:redstone_lamp":1,"ecologics:seashell":1,"minecraft:gold_block":2,"minecraft:shield":1,"aether:leather_gloves":1,"minecraft:iron_shovel":2,"iceandfire:bestiary":1,"minecraft:beef":6,"minecraft:player_head":1,"minecraft:light_gray_wool":1,"minecraft:spruce_slab":4,"minecraft:sugar_cane":12,"minecraft:egg":2,"minecraft:raw_iron":16,"iceandfire:dragonbone":1,"ecologics:coconut_slice":8,"minecraft:tnt":1,"minecraft:arrow":2,"minecraft:hay_block":1,"mutantmonsters:mutant_skeleton_rib":1,"minecraft:mutton":9,"minecraft:skeleton_skull":1,"minecraft:white_wool":1,"minecraft:golden_carrot":1,"minecraft:salmon":1,"luminousworld:ishstone":6,"minecraft:leather":12,"minecraft:acacia_wood":11,"minecraft:filled_map":1,"minecraft:oak_log":6,"minecraft:gunpowder":2,"mutantmonsters:mutant_skeleton_limb":5,"tombstone:gift":1,"minecraft:cooked_mutton":3,"minecraft:stone_bricks":7,"minecraft:cooked_chicken":2,"tombstone:bag_of_seeds":1,"minecraft:book":27,"minecraft:scaffolding":4,"minecraft:stone_brick_slab":1,"minecraft:gravel":1,"minecraft:white_bed":2,"quark:oak_chest":1,"minecraft:leather_helmet":1,"minecraft:chainmail_leggings":1,"minecraft:black_wool":1,"minecraft:coal":83},"minecraft:mined":{"minecraft:white_bed":2,"placeablesmod:cooked_beef_block":4,"alexsmobs:leafcutter_anthill":1,"minecraft:granite":2,"minecraft:acacia_log":15,"minecraft:grass_block":1,"minecraft:jungle_log":1,"minecraft:coal_block":6,"luminousworld:savanna_grass_2":4,"minecraft:spawner":2,"minecraft:iron_ore":13,"minecraft:fire":1,"minecraft:iron_bars":2,"minecraft:oak_stairs":4,"minecraft:spruce_slab":3,"luminousworld:creepbush":8,"minecraft:torch":2,"minecraft:cobblestone":1,"minecraft:sugar_cane":2,"minecraft:wall_torch":1,"minecraft:skeleton_skull":1,"minecraft:wheat":91,"minecraft:tnt":1,"minecraft:black_bed":2,"minecraft:wither_rose":1,"minecraft:stone_brick_stairs":6,"minecraft:grass":25,"minecraft:oak_log":6,"luminousworld:grassvariant_3":1,"luminousworld:savannah_grass_4":2,"minecraft:oak_leaves":1,"minecraft:redstone_lamp":2,"luminousworld:savannah_ground":1,"minecraft:dark_prismarine":3,"iceandfire:silver_ore":6,"born_in_chaos_v1:black_argillite":6,"minecraft:redstone_wire":10,"luminousworld:grassvariant_2":1,"ecologics:coconut_log":3,"minecraft:furnace":2,"minecraft:acacia_wood":11,"minecraft:acacia_stairs":1,"minecraft:andesite":1,"minecraft:gold_block":2,"minecraft:bookshelf":9,"minecraft:vine":6,"placeablesmod:cooked_chicken_block":2,"minecraft:stone":288,"iceandfire:podium_spruce":1,"luminousworld:savannah_soil":3,"minecraft:scaffolding":4,"minecraft:acacia_leaves":1,"quark:oak_chest":1,"minecraft:brown_carpet":1,"minecraft:stone_brick_slab":2,"minecraft:oak_fence":11,"minecraft:crafting_table":2,"luminousworld:savannah_grass_1":1,"minecraft:tall_grass":11,"minecraft:copper_ore":1,"minecraft:lapis_ore":4,"placeablesmod:cooked_mutton_block":1,"minecraft:coal_ore":80,"luminousworld:ishstone":6,"minecraft:gravel":1,"minecraft:cobweb":53,"minecraft:acacia_planks":1,"minecraft:stone_bricks":7,"luminousworld:elephant_grass":1,"minecraft:fern":2},"minecraft:dropped":{"minecraft:iron_sword":1,"minecraft:cooked_beef":3,"minecraft:black_bed":1,"minecraft:leather":4,"iceandfire:ectoplasm":1,"mutantmonsters:mutant_skeleton_shoulder_pad":1,"minecraft:leather_helmet":1,"minecraft:gold_nugget":1,"minecraft:iron_pickaxe":1,"minecraft:white_wool":1,"minecraft:gravel":1,"minecraft:sugar_cane":6,"mutantmonsters:mutant_skeleton_pelvis":1,"minecraft:wheat":1,"ecologics:coconut_log":3,"minecraft:rotten_flesh":4,"aether:leather_gloves":1,"minecraft:cooked_mutton":1,"minecraft:salmon":1,"supplementaries:ash":3,"minecraft:skeleton_skull":1,"minecraft:beetroot_seeds":3,"minecraft:jungle_log":1,"minecraft:iron_bars":2,"minecraft:arrow":29,"minecraft:egg":2,"minecraft:wheat_seeds":173,"luminousworld:ishstone":6,"minecraft:oak_fence":11,"minecraft:feather":4,"minecraft:cobblestone":141,"minecraft:book":27,"minecraft:granite":2,"ecologics:crab_claw":1,"minecraft:spruce_button":2,"minecraft:copper_ingot":1,"minecraft:stick":7,"born_in_chaos_v1:black_argillite":6,"minecraft:iron_shovel":1,"minecraft:string":33,"minecraft:acacia_planks":1,"minecraft:stone_brick_slab":1,"iceandfire:dragonbone":1,"minecraft:player_head":1,"minecraft:stone_sword":1,"minecraft:raw_copper":3,"minecraft:light_gray_wool":1,"minecraft:torchflower_seeds":3,"minecraft:pumpkin_seeds":2,"minecraft:shield":2,"mutantmonsters:mutant_skeleton_limb":5,"minecraft:oak_sapling":2,"luminousworld:elephant_grass":1,"minecraft:stone_pickaxe":1,"mutantmonsters:mutant_skeleton_rib":1,"mutantmonsters:mutant_skeleton_skull":1,"minecraft:black_wool":1},"minecraft:killed_by":{"undead_revamp2:the_moonflower":1,"minecraft:wither_skeleton":1,"minecraft:pillager":1,"enemyexpansion:huntsman":1,"minecraft:zombie":1,"alexsmobs:gorilla":1,"undead_revamp2:theheavy":1,"minecraft:husk":2,"minecraft:player":1,"undead_revamp2:theswarmer":1,"undead_revamp2:thehunter":1,"minecraft:hoglin":1,"minecraft:skeleton":1,"minecraft:phantom":1,"iceandfire:ghost":2,"luminousworld:savannah_skeleton":1},"minecraft:broken":{"aether:golden_gloves":1,"minecraft:stone_axe":1},"minecraft:killed":{"naturalist:zebra":1,"minecraft:spider":2,"undead_revamp2:thesmoker":1,"minecraft:skeleton":1,"alexsmobs:leafcutter_ant":2,"minecraft:chicken":4,"ecologics:coconut_crab":2,"minecraft:pig":1,"mutantmonsters:mutant_skeleton":1,"minecraft:sheep":4,"minecraft:pillager":1,"luminousworld:savannah_skeleton":4,"minecraft:zombie":1,"enemyexpansion:vampire":1,"alexsmobs:terrapin":1,"born_in_chaos_v1:corpse_fly":1,"undead_revamp2:thehunter":1,"luminousworld:sunken_skeleton":2,"alexsmobs:seagull":1,"born_in_chaos_v1:maggot":1,"luminousworld:savannah_zombie":2,"minecraft:husk":3,"earthmobsmod:cream_cow":4,"minecraft:hoglin":2,"born_in_chaos_v1:decrepit_skeleton":1,"iceandfire:ghost":1,"minecraft:wither_skeleton":1},"minecraft:crafted":{"minecraft:oak_planks":24,"minecraft:cooked_chicken":5,"aether:golden_gloves":1,"minecraft:cooked_mutton":5,"minecraft:bow":1,"furnitura:oak_table":1,"minecraft:arrow":64,"minecraft:cooked_porkchop":1,"minecraft:crafting_table":3,"minecraft:wooden_pickaxe":1,"minecraft:charcoal":2,"quark:torch_arrow":2,"minecraft:shield":2,"minecraft:stick":36,"quark:oak_chest":1,"minecraft:iron_pickaxe":2,"minecraft:iron_ingot":41,"minecraft:stone_sword":1,"minecraft:gold_ingot":5,"minecraft:furnace":5,"quark:acacia_chest":1,"minecraft:stone_pickaxe":1,"minecraft:wheat":9,"minecraft:cooked_beef":9,"minecraft:iron_sword":2,"minecraft:stone_axe":1,"minecraft:bread":33,"minecraft:air":0,"iceandfire:bestiary":1,"minecraft:white_wool":4,"minecraft:white_bed":1,"minecraft:acacia_planks":100,"minecraft:torch":56,"tombstone:bone_needle":1}},"DataVersion":3465}