{"stats":{"minecraft:used":{"minecraft:stone_sword":104,"minecraft:armor_stand":4,"minecraft:shield":24,"minecraft:iron_sword":84,"minecraft:cooked_chicken":5,"luminousworld:savannah_ground":1,"minecraft:player_head":5,"minecraft:torch":4,"minecraft:bow":6,"luminousworld:savannah_soil":3,"minecraft:furnace":5,"tombstone:gift":3,"minecraft:cooked_beef":10,"minecraft:cooked_mutton":4,"minecraft:water_bucket":2,"minecraft:stone_pickaxe":98,"minecraft:wooden_pickaxe":26,"minecraft:white_wool":1,"iceandfire:podium_spruce":1,"minecraft:crafting_table":3,"quark:acacia_chest":1,"minecraft:crossbow":1,"minecraft:white_bed":3,"minecraft:black_bed":1,"luminousworld:creepberries":2,"tombstone:bag_of_seeds":1,"minecraft:apple":4,"minecraft:bread":2,"minecraft:iron_pickaxe":80,"minecraft:stone_axe":105,"furnitura:oak_table":1,"minecraft:cobblestone":27,"minecraft:porkchop":1,"minecraft:cooked_porkchop":1,"minecraft:andesite":1,"minecraft:bucket":3,"alexsmobs:animal_dictionary":2},"minecraft:custom":{"minecraft:mob_kills":38,"minecraft:interact_with_crafting_table":20,"minecraft:damage_dealt_resisted":192,"minecraft:leave_game":7,"minecraft:time_since_death":7775,"minecraft:climb_one_cm":24245,"minecraft:sprint_one_cm":371272,"minecraft:walk_one_cm":399414,"minecraft:damage_blocked_by_shield":1545,"minecraft:drop":59,"minecraft:play_noteblock":1,"minecraft:talked_to_villager":3,"minecraft:target_hit":2,"minecraft:play_time":148987,"minecraft:deaths":14,"minecraft:sneak_time":2719,"minecraft:walk_under_water_one_cm":23838,"minecraft:jump":1881,"minecraft:walk_on_water_one_cm":15724,"minecraft:total_world_time":148987,"minecraft:interact_with_furnace":56,"tombstone:raider_killed":1,"minecraft:traded_with_villager":4,"minecraft:tune_noteblock":11,"minecraft:sleep_in_bed":5,"minecraft:time_since_rest":4918,"minecraft:damage_taken":5782,"minecraft:trigger_trapped_chest":4,"minecraft:damage_dealt":8252,"minecraft:player_kills":1,"minecraft:swim_one_cm":41484,"minecraft:fly_one_cm":418193,"minecraft:open_chest":35,"minecraft:crouch_one_cm":7778,"tombstone:undead_killed":12,"minecraft:fall_one_cm":52565,"minecraft:horse_one_cm":564},"minecraft:picked_up":{"minecraft:iron_chestplate":3,"minecraft:crafting_table":1,"minecraft:chicken":4,"minecraft:clay_ball":4,"minecraft:redstone_lamp":1,"ecologics:seashell":1,"minecraft:wither_rose":2,"minecraft:shield":1,"born_in_chaos_v1:black_argillite":6,"minecraft:string":53,"minecraft:raw_copper":3,"minecraft:iron_leggings":2,"minecraft:armor_stand":4,"minecraft:iron_shovel":2,"iceandfire:bestiary":1,"minecraft:gold_nugget":1,"minecraft:beef":6,"minecraft:player_head":1,"minecraft:iron_pickaxe":1,"minecraft:light_gray_wool":1,"minecraft:sugar_cane":12,"minecraft:furnace":2,"ecologics:crab_claw":1,"minecraft:egg":2,"minecraft:stick":2,"minecraft:raw_iron":16,"iceandfire:dragonbone":1,"ecologics:coconut_slice":8,"minecraft:oak_fence":11,"minecraft:torch":1,"minecraft:acacia_log":15,"luminousworld:savannah_soil":8,"minecraft:porkchop":2,"tombstone:grave_dust":1,"minecraft:tnt":1,"minecraft:arrow":2,"minecraft:rotten_flesh":7,"minecraft:hay_block":1,"ecologics:coconut_log":3,"supplementaries:ash":2,"minecraft:mutton":9,"minecraft:iron_bars":2,"minecraft:skeleton_skull":1,"minecraft:white_wool":1,"minecraft:cobblestone":116,"luminousworld:savannah_ground":1,"minecraft:feather":5,"minecraft:cooked_beef":7,"minecraft:andesite":1,"minecraft:salmon":1,"minecraft:jungle_log":1,"luminousworld:ishstone":6,"minecraft:black_bed":2,"minecraft:leather":5,"minecraft:filled_map":1,"minecraft:oak_log":6,"minecraft:gunpowder":2,"minecraft:lapis_lazuli":30,"minecraft:dirt":1,"tombstone:gift":1,"minecraft:cooked_mutton":3,"minecraft:bone":5,"minecraft:acacia_planks":10,"minecraft:bow":2,"minecraft:wheat_seeds":9,"luminousworld:elephant_grass":1,"minecraft:cooked_chicken":2,"tombstone:bag_of_seeds":1,"minecraft:oak_planks":1,"minecraft:book":27,"iceandfire:podium_spruce":1,"luminousworld:creepberries":2,"minecraft:stone_brick_slab":1,"minecraft:gravel":1,"minecraft:white_bed":2,"minecraft:dark_prismarine":1,"minecraft:chainmail_leggings":1,"minecraft:crossbow":1,"minecraft:granite":2,"minecraft:spruce_button":2,"minecraft:bread":1,"minecraft:emerald":1,"minecraft:oak_sapling":2,"minecraft:black_wool":1,"minecraft:coal":16,"minecraft:oak_leaves":2,"iceandfire:raw_silver":6},"minecraft:mined":{"minecraft:dark_prismarine":3,"minecraft:white_bed":2,"iceandfire:silver_ore":6,"placeablesmod:cooked_beef_block":4,"alexsmobs:leafcutter_anthill":1,"minecraft:granite":2,"minecraft:acacia_log":15,"minecraft:grass_block":1,"born_in_chaos_v1:black_argillite":6,"minecraft:jungle_log":1,"minecraft:redstone_wire":10,"ecologics:coconut_log":3,"luminousworld:savanna_grass_2":4,"minecraft:furnace":2,"minecraft:iron_ore":13,"minecraft:andesite":1,"minecraft:bookshelf":9,"minecraft:iron_bars":2,"placeablesmod:cooked_chicken_block":2,"minecraft:stone":116,"iceandfire:podium_spruce":1,"luminousworld:creepbush":2,"luminousworld:savannah_soil":3,"minecraft:acacia_leaves":1,"minecraft:stone_brick_slab":2,"minecraft:oak_fence":11,"minecraft:crafting_table":1,"minecraft:torch":1,"luminousworld:savannah_grass_1":1,"minecraft:copper_ore":1,"minecraft:tall_grass":10,"minecraft:cobblestone":1,"minecraft:lapis_ore":4,"minecraft:sugar_cane":2,"minecraft:skeleton_skull":1,"placeablesmod:cooked_mutton_block":1,"minecraft:black_bed":2,"minecraft:tnt":1,"minecraft:stone_brick_stairs":6,"minecraft:wither_rose":1,"minecraft:grass":15,"minecraft:coal_ore":14,"minecraft:oak_log":6,"luminousworld:ishstone":6,"minecraft:gravel":1,"luminousworld:grassvariant_3":1,"minecraft:cobweb":52,"minecraft:stone_bricks":7,"luminousworld:elephant_grass":1,"luminousworld:savannah_grass_4":2,"luminousworld:savannah_ground":1,"minecraft:oak_leaves":1,"minecraft:redstone_lamp":2},"minecraft:dropped":{"minecraft:iron_sword":1,"minecraft:wheat_seeds":9,"minecraft:cooked_beef":3,"luminousworld:ishstone":6,"minecraft:feather":4,"minecraft:cobblestone":55,"minecraft:book":27,"minecraft:black_bed":1,"ecologics:crab_claw":1,"minecraft:granite":2,"iceandfire:ectoplasm":1,"minecraft:copper_ingot":1,"minecraft:stick":7,"born_in_chaos_v1:black_argillite":6,"minecraft:gold_nugget":1,"minecraft:iron_pickaxe":1,"minecraft:iron_shovel":1,"minecraft:string":4,"minecraft:white_wool":1,"minecraft:stone_brick_slab":1,"iceandfire:dragonbone":1,"minecraft:gravel":1,"minecraft:sugar_cane":6,"minecraft:player_head":1,"minecraft:stone_sword":1,"minecraft:raw_copper":3,"minecraft:rotten_flesh":4,"minecraft:light_gray_wool":1,"minecraft:cooked_mutton":1,"minecraft:torchflower_seeds":3,"minecraft:salmon":1,"minecraft:pumpkin_seeds":2,"supplementaries:ash":2,"minecraft:shield":2,"minecraft:skeleton_skull":1,"minecraft:beetroot_seeds":3,"minecraft:jungle_log":1,"minecraft:oak_sapling":2,"luminousworld:elephant_grass":1,"minecraft:iron_bars":2,"minecraft:stone_pickaxe":1,"minecraft:black_wool":1,"minecraft:egg":2},"minecraft:killed_by":{"undead_revamp2:the_moonflower":1,"minecraft:pillager":1,"undead_revamp2:theswarmer":1,"enemyexpansion:huntsman":1,"undead_revamp2:thehunter":1,"minecraft:skeleton":1,"minecraft:zombie":1,"alexsmobs:gorilla":1,"iceandfire:ghost":2,"undead_revamp2:theheavy":1,"luminousworld:savannah_skeleton":1},"minecraft:broken":{"aether:golden_gloves":1},"minecraft:killed":{"naturalist:zebra":1,"undead_revamp2:thehunter":1,"minecraft:spider":2,"luminousworld:sunken_skeleton":2,"alexsmobs:seagull":1,"minecraft:skeleton":1,"alexsmobs:leafcutter_ant":2,"minecraft:chicken":4,"ecologics:coconut_crab":2,"luminousworld:savannah_zombie":2,"minecraft:pig":1,"earthmobsmod:cream_cow":4,"born_in_chaos_v1:decrepit_skeleton":1,"minecraft:sheep":4,"luminousworld:savannah_skeleton":4,"minecraft:pillager":1,"minecraft:zombie":1,"iceandfire:ghost":1,"enemyexpansion:vampire":1,"alexsmobs:terrapin":1,"born_in_chaos_v1:corpse_fly":1},"minecraft:crafted":{"minecraft:oak_planks":24,"minecraft:cooked_chicken":5,"minecraft:furnace":3,"aether:golden_gloves":1,"minecraft:cooked_mutton":5,"quark:acacia_chest":1,"minecraft:bow":1,"furnitura:oak_table":1,"minecraft:stone_pickaxe":1,"minecraft:cooked_beef":9,"minecraft:arrow":64,"minecraft:cooked_porkchop":1,"minecraft:crafting_table":3,"minecraft:wooden_pickaxe":1,"minecraft:iron_sword":2,"minecraft:stone_axe":1,"minecraft:air":0,"iceandfire:bestiary":1,"minecraft:white_wool":4,"minecraft:charcoal":2,"minecraft:shield":2,"minecraft:stick":24,"minecraft:iron_ingot":16,"minecraft:iron_pickaxe":2,"minecraft:stone_sword":1,"minecraft:white_bed":1,"minecraft:acacia_planks":56,"minecraft:torch":4,"tombstone:bone_needle":1}},"DataVersion":3465}